-- phpMyAdmin SQL Dump
-- version 3.5.1
-- http://www.phpmyadmin.net
--
-- Хост: 127.0.0.1
-- Время создания: Май 23 2018 г., 03:03
-- Версия сервера: 5.5.25
-- Версия PHP: 5.6.19

SET SQL_MODE="NO_AUTO_VALUE_ON_ZERO";
SET time_zone = "+00:00";


/*!40101 SET @OLD_CHARACTER_SET_CLIENT=@@CHARACTER_SET_CLIENT */;
/*!40101 SET @OLD_CHARACTER_SET_RESULTS=@@CHARACTER_SET_RESULTS */;
/*!40101 SET @OLD_COLLATION_CONNECTION=@@COLLATION_CONNECTION */;
/*!40101 SET NAMES utf8 */;

--
-- База данных: `marmaros`
--

-- --------------------------------------------------------

--
-- Структура таблицы `clients`
--

CREATE TABLE IF NOT EXISTS `clients` (
  `id` int(255) NOT NULL AUTO_INCREMENT,
  `Name` varchar(255) NOT NULL,
  `LastName` varchar(255) NOT NULL,
  `SurName` varchar(255) NOT NULL,
  `Gender` varchar(10) NOT NULL,
  `DateofBirth` varchar(255) NOT NULL,
  `SpendSum` int(255) NOT NULL,
  `EmailAddress` varchar(255) NOT NULL,
  `PhoneNumber` varchar(255) NOT NULL,
  `CreditCard` varchar(255) NOT NULL,
  `timeAdded` varchar(255) NOT NULL,
  PRIMARY KEY (`id`)
) ENGINE=InnoDB  DEFAULT CHARSET=utf8 AUTO_INCREMENT=47 ;

--
-- Дамп данных таблицы `clients`
--

INSERT INTO `clients` (`id`, `Name`, `LastName`, `SurName`, `Gender`, `DateofBirth`, `SpendSum`, `EmailAddress`, `PhoneNumber`, `CreditCard`, `timeAdded`) VALUES
(1, 'Перший', 'Лул', 'Вася', 'Male', '1980-03-20', 270864, 'ghrdhtdfhf', '7863453543453', '3544538484383487', '12-05-2018'),
(2, 'Другий', 'Важливий', 'Женя', 'Жінка', '08-10-0007', 12312, 'jjgfjgfjh', 'нема', '53', '15-05-2018'),
(3, 'Ігор', 'Васильович', 'Скоропадський', 'Чоловік', '24-05-1979', 22087728, 'ihor@outlook.com', '+380657889652', '1456 7812 9654 8525', '15-05-2018'),
(38, 'Сікорський', 'Павлович', 'Ярослав', 'Жінка', '23-06-1999', 12562, 'sikorskyy@gmail.com', '+380999305797', '4125 8578 4596 2536', '18-05-2018'),
(39, 'Анатолій', 'Сергійович', 'Денис', 'Чоловік', '17-05-1985', 750, 'anatoliy@ukr.net', '+380853645782', '8665 7521 4585 2325', '22-05-2018'),
(40, 'Анатолій', 'Сергійович', 'Денис', 'Чоловік', '19-05-1985', 0, 'anat@ukr.net', '+380859641265', '4175 8565 2545 8759', '22-04-2018'),
(41, 'sdfsd', 'fsdfsd', 'fsdfsd', 'Чоловік', '03-05-2018', 0, 'sdfdsfds', '+380952225105', 'fsdfsdfsddfdfdfdf', '23-04-2018'),
(42, 'asd', 'asd', 'asd', 'Чоловік', '18-05-2018', 0, 'asdasdasdsa', '+380853335428', '4221 7898 5456 2123', '01-05-2018'),
(43, 'adasdas', 'asdasd', 'dasdasd', 'Чоловік', '02-05-2018', 12312, 'dasdasdasdasd', '+380785554578', '1245 1245 1245 1245', '22-05-2018'),
(44, 'adasdas', 'asdasd', 'dasdasd', 'Чоловік', '02-05-2018', 0, 'dasdasdasdasd', '+380785554578', '1245 1245 1245 1245', '22-05-2018'),
(45, 'adasdas', 'asdasd', 'dasdasd', 'Чоловік', '02-05-2018', 0, 'dasdasdasdasd', '+380785554578', '1245 1245 1245 1245', '22-05-2018'),
(46, 'adasdas', 'asdasd', 'dasdasd', 'Чоловік', '02-05-2018', 0, 'dasdasdasdasd', '+380785554578', '1245 1245 1245 1245', '22-05-2018');

-- --------------------------------------------------------

--
-- Структура таблицы `logs`
--

CREATE TABLE IF NOT EXISTS `logs` (
  `id` int(255) NOT NULL AUTO_INCREMENT,
  `loger` int(11) NOT NULL,
  `Content` varchar(512) NOT NULL,
  `tosmbd` int(11) NOT NULL,
  `time` varchar(255) NOT NULL,
  PRIMARY KEY (`id`)
) ENGINE=InnoDB  DEFAULT CHARSET=utf8 AUTO_INCREMENT=25 ;

--
-- Дамп данных таблицы `logs`
--

INSERT INTO `logs` (`id`, `loger`, `Content`, `tosmbd`, `time`) VALUES
(1, 1, 'Прийнято замовлення на "Сауна" з 18:00 до 20:00 ', 2, '11-05-2018 00:00'),
(2, 2, 'Прийнято замовлення на номер 403 з 18:02 до 21:02 ', 1, '12-05-2018 01:00'),
(3, 1, 'Виконав завдання << 123 >> ', 1, '21-05-2018 13:14'),
(4, 1, 'Відмітив завдання << 123 >> як Невиконане', 1, '21-05-2018 13:17'),
(5, 1, 'Відмітив завдання << 123 >> як Покинуте', 1, '21-05-2018 13:17'),
(6, 1, 'Додав нового клієнта << Анатолій Денис Сергійович >> ', 40, '21-05-2018 13:46'),
(7, 1, 'Додав нового клієнта << sdfsd fsdfsd fsdfsd >> ', 41, '21-05-2018 14:04'),
(8, 1, 'Оформив замовлення << Номер 32 на 1 доба >> за ціною: 1500 грн.', 38, '21-05-2018 19:39'),
(9, 1, 'Оновив дані клієнта << Анатолій Сергійович Денис >> ', 39, '22-05-2018 17:32'),
(10, 1, 'Оформив замовлення << Сауна на 3 година >> за ціною: 750 грн.', 39, '22-05-2018 17:33'),
(11, 1, 'Додав нового клієнта << asd asd asd >> ', 42, '22-05-2018 19:15'),
(12, 1, 'Відмітив завдання << 123 >> як Покинуте', 1, '22-05-2018 19:18'),
(13, 1, 'Відмітив завдання << 123 >> як Невиконане', 1, '22-05-2018 19:18'),
(14, 1, 'Відмітив завдання << 123 >> як Покинуте', 1, '22-05-2018 19:18'),
(15, 1, 'Відмітив завдання << 900 >> як Невиконане', 1, '22-05-2018 19:19'),
(16, 1, 'Відмітив завдання << 900 >> як Покинуте', 1, '22-05-2018 19:19'),
(17, 1, 'Виконав завдання << 900 >> ', 1, '22-05-2018 19:19'),
(18, 1, 'Відмітив завдання << 900 >> як Покинуте', 1, '22-05-2018 19:19'),
(19, 1, 'Додав нового клієнта << adasdas dasdasd asdasd >> ', 43, '22-05-2018 21:32'),
(20, 1, 'Додав нового клієнта << adasdas dasdasd asdasd >> ', 43, '22-05-2018 21:32'),
(21, 1, 'Додав нового клієнта << adasdas dasdasd asdasd >> ', 43, '22-05-2018 21:32'),
(22, 1, 'Додав нового клієнта << adasdas dasdasd asdasd >> ', 43, '22-05-2018 21:32'),
(23, 1, 'Оформив замовлення << Номер 32 на 1 доба >> за ціною: 12312 грн.', 43, '25-05-2018 23:32'),
(24, 1, 'Оформив замовлення << Сауна на 5 година >> за ціною: 250 грн.', 38, '22-05-2018 23:41');

-- --------------------------------------------------------

--
-- Структура таблицы `menegers`
--

CREATE TABLE IF NOT EXISTS `menegers` (
  `id` int(11) NOT NULL AUTO_INCREMENT,
  `manager_name` varchar(255) NOT NULL,
  `login` varchar(255) NOT NULL,
  `password` varchar(255) NOT NULL,
  PRIMARY KEY (`id`),
  UNIQUE KEY `id` (`id`)
) ENGINE=InnoDB  DEFAULT CHARSET=utf8 AUTO_INCREMENT=3 ;

--
-- Дамп данных таблицы `menegers`
--

INSERT INTO `menegers` (`id`, `manager_name`, `login`, `password`) VALUES
(1, 'Самий крутий менеджер', 'login', 'MTIzNDU2'),
(2, 'Менеджер 2', 'meneg', 'NjU0MzIx');

-- --------------------------------------------------------

--
-- Структура таблицы `orders`
--

CREATE TABLE IF NOT EXISTS `orders` (
  `id` int(255) NOT NULL AUTO_INCREMENT,
  `SaleID` int(255) NOT NULL,
  `SaleCount` int(255) NOT NULL,
  `SaleType` varchar(255) NOT NULL,
  `ClientID` int(255) NOT NULL,
  `ManegerID` int(255) NOT NULL,
  `timeReg` varchar(255) NOT NULL,
  `startTime` varchar(255) NOT NULL,
  `price` int(255) NOT NULL,
  `deadLine` varchar(255) NOT NULL,
  PRIMARY KEY (`id`)
) ENGINE=InnoDB  DEFAULT CHARSET=utf8 AUTO_INCREMENT=64 ;

--
-- Дамп данных таблицы `orders`
--

INSERT INTO `orders` (`id`, `SaleID`, `SaleCount`, `SaleType`, `ClientID`, `ManegerID`, `timeReg`, `startTime`, `price`, `deadLine`) VALUES
(1, 1, 1, 'година', 1, 1, '2018-05-17 00:00', '2018-05-31 00:00', 123213, '2018-05-30 00:00'),
(2, 1, 2, 'година', 1, 1, '2018-05-19 00:00', '2018-05-18 00:00', 123123, '2018-05-27 00:00'),
(3, 1, 5, 'доба', 1, 1, '2018-05-02 00:00', '2018-12-04 00:00', 424242, '2018-05-30 00:00'),
(4, 2, 2, 'тиждень', 1, 1, '2018-05-04 00:00', '2018-05-16 00:00', 242, '2018-05-29 00:00'),
(5, 2, 7, 'доба', 2, 1, '20-05-2018 19:11', '04-05-2018 00-00', 86184, '11-05-2018 00-00'),
(6, 1, 5, 'година', 2, 1, '20-05-2018 19:14', '04-05-2018 00-00', 1250, '04-05-2018 00-00'),
(7, 2, 2, 'доба', 2, 1, '20-05-2018 20:04', '05-05-2018 00-00', 12312, '10-05-2018 00-00'),
(8, 2, 7, 'доба', 1, 1, '20-05-2018 21:02', '11-05-2018 00-00', 12312, '05-05-2018 00-00'),
(9, 2, 7, 'доба', 1, 1, '20-05-2018 21:02', '11-05-2018 00-00', 12312, '05-05-2018 00-00'),
(10, 2, 7, 'доба', 1, 1, '20-05-2018 21:03', '11-05-2018 00-00', 12312, '05-05-2018 00-00'),
(11, 2, 7, 'доба', 1, 1, '20-05-2018 21:03', '11-05-2018 00-00', 12312, '05-05-2018 00-00'),
(12, 2, 7, 'доба', 1, 1, '20-05-2018 21:03', '11-05-2018 00-00', 12312, '05-05-2018 00-00'),
(13, 2, 7, 'доба', 1, 1, '20-05-2018 21:03', '11-05-2018 00-00', 12312, '05-05-2018 00-00'),
(14, 2, 7, 'доба', 1, 1, '20-05-2018 21:03', '11-05-2018 00-00', 12312, '05-05-2018 00-00'),
(15, 2, 7, 'доба', 1, 1, '20-05-2018 21:03', '11-05-2018 00-00', 12312, '05-05-2018 00-00'),
(16, 2, 7, 'доба', 1, 1, '20-05-2018 21:03', '11-05-2018 00-00', 12312, '05-05-2018 00-00'),
(17, 2, 7, 'доба', 1, 1, '20-05-2018 21:03', '11-05-2018 00-00', 12312, '05-05-2018 00-00'),
(18, 2, 7, 'доба', 1, 1, '20-05-2018 21:03', '11-05-2018 00-00', 12312, '05-05-2018 00-00'),
(19, 2, 7, 'доба', 1, 1, '20-05-2018 21:03', '11-05-2018 00-00', 12312, '05-05-2018 00-00'),
(20, 2, 7, 'доба', 1, 1, '20-05-2018 21:03', '11-05-2018 00-00', 12312, '05-05-2018 00-00'),
(21, 2, 7, 'доба', 1, 1, '20-05-2018 21:03', '11-05-2018 00-00', 12312, '05-05-2018 00-00'),
(22, 2, 7, 'доба', 1, 1, '20-05-2018 21:03', '11-05-2018 00-00', 12312, '05-05-2018 00-00'),
(23, 2, 7, 'доба', 1, 1, '20-05-2018 21:03', '11-05-2018 00-00', 12312, '05-05-2018 00-00'),
(24, 2, 7, 'доба', 1, 1, '20-05-2018 21:03', '11-05-2018 00-00', 12312, '05-05-2018 00-00'),
(25, 2, 7, 'доба', 1, 1, '20-05-2018 21:03', '11-05-2018 00-00', 12312, '05-05-2018 00-00'),
(26, 2, 7, 'доба', 1, 1, '20-05-2018 21:03', '11-05-2018 00-00', 12312, '05-05-2018 00-00'),
(27, 2, 7, 'доба', 1, 1, '20-05-2018 21:03', '11-05-2018 00-00', 12312, '05-05-2018 00-00'),
(28, 2, 7, 'доба', 1, 1, '20-05-2018 21:03', '11-05-2018 00-00', 12312, '05-05-2018 00-00'),
(29, 2, 7, 'доба', 1, 1, '20-05-2018 21:03', '11-05-2018 00-00', 12312, '05-05-2018 00-00'),
(30, 2, 85, 'доба', 3, 1, '20-05-2018 21:46', '12-05-2018 00-00', 1046520, '11-05-2018 00-00'),
(31, 2, 85, 'доба', 3, 1, '20-05-2018 21:46', '12-05-2018 00-00', 1046520, '11-05-2018 00-00'),
(32, 2, 85, 'доба', 3, 1, '20-05-2018 21:46', '12-05-2018 00-00', 1046520, '11-05-2018 00-00'),
(33, 2, 85, 'доба', 3, 1, '20-05-2018 21:46', '12-05-2018 00-00', 1046520, '11-05-2018 00-00'),
(34, 2, 85, 'доба', 3, 1, '20-05-2018 21:46', '12-05-2018 00-00', 1046520, '11-05-2018 00-00'),
(35, 2, 85, 'доба', 3, 1, '20-05-2018 21:46', '12-05-2018 00-00', 1046520, '11-05-2018 00-00'),
(36, 2, 85, 'доба', 3, 1, '20-05-2018 21:46', '12-05-2018 00-00', 1046520, '11-05-2018 00-00'),
(37, 2, 85, 'доба', 3, 1, '20-05-2018 21:46', '12-05-2018 00-00', 1046520, '11-05-2018 00-00'),
(38, 2, 85, 'доба', 3, 1, '20-05-2018 21:46', '12-05-2018 00-00', 1046520, '11-05-2018 00-00'),
(39, 2, 85, 'доба', 3, 1, '20-05-2018 21:46', '12-05-2018 00-00', 1046520, '11-05-2018 00-00'),
(40, 2, 85, 'доба', 3, 1, '20-05-2018 21:46', '12-05-2018 00-00', 1046520, '11-05-2018 00-00'),
(41, 2, 85, 'доба', 3, 1, '20-05-2018 21:46', '12-05-2018 00-00', 1046520, '11-05-2018 00-00'),
(42, 2, 85, 'доба', 3, 1, '20-05-2018 21:46', '12-05-2018 00-00', 1046520, '11-05-2018 00-00'),
(43, 2, 85, 'доба', 3, 1, '20-05-2018 21:46', '12-05-2018 00-00', 1046520, '11-05-2018 00-00'),
(44, 2, 85, 'доба', 3, 1, '20-05-2018 21:46', '12-05-2018 00-00', 1046520, '11-05-2018 00-00'),
(45, 2, 85, 'доба', 3, 1, '20-05-2018 21:46', '12-05-2018 00-00', 1046520, '11-05-2018 00-00'),
(46, 2, 85, 'доба', 3, 1, '20-05-2018 21:46', '12-05-2018 00-00', 1046520, '11-05-2018 00-00'),
(47, 2, 85, 'доба', 3, 1, '20-05-2018 21:46', '12-05-2018 00-00', 1046520, '11-05-2018 00-00'),
(48, 2, 85, 'доба', 3, 1, '20-05-2018 21:46', '12-05-2018 00-00', 1046520, '11-05-2018 00-00'),
(49, 2, 85, 'доба', 3, 1, '20-05-2018 21:46', '12-05-2018 00-00', 1046520, '11-05-2018 00-00'),
(50, 2, 85, 'доба', 3, 1, '20-05-2018 21:46', '12-05-2018 00-00', 1046520, '11-05-2018 00-00'),
(51, 2, 2, 'доба', 3, 1, '20-05-2018 21:53', '06-05-2018 00-00', 12312, '04-05-2018 00-00'),
(52, 2, 2, 'доба', 3, 1, '20-05-2018 21:53', '06-05-2018 00-00', 12312, '04-05-2018 00-00'),
(53, 2, 2, 'доба', 3, 1, '20-05-2018 21:53', '06-05-2018 00-00', 12312, '04-05-2018 00-00'),
(54, 2, 2, 'доба', 3, 1, '20-05-2018 21:53', '06-05-2018 00-00', 12312, '04-05-2018 00-00'),
(55, 2, 2, 'доба', 3, 1, '20-05-2018 21:53', '06-05-2018 00-00', 12312, '04-05-2018 00-00'),
(56, 2, 2, 'доба', 3, 1, '20-05-2018 21:53', '06-05-2018 00-00', 12312, '04-05-2018 00-00'),
(57, 2, 2, 'доба', 3, 1, '20-05-2018 21:53', '06-05-2018 00-00', 12312, '04-05-2018 00-00'),
(58, 2, 2, 'доба', 3, 1, '20-05-2018 21:53', '06-05-2018 00-00', 12312, '04-05-2018 00-00'),
(59, 2, 2, 'доба', 3, 1, '20-05-2018 21:53', '06-05-2018 00-00', 12312, '04-05-2018 00-00'),
(60, 2, 1, 'доба', 38, 1, '21-05-2018 19:39', '11-05-2018 00-00', 12312, '18-05-2018 00-00'),
(61, 1, 3, 'година', 39, 1, '22-05-2018 17:33', '17-05-2018 00-00', 750, '17-05-2018 00-00'),
(62, 2, 1, 'доба', 43, 1, '22-05-2018 23:32', '12-05-2018 00-00', 12312, '11-05-2018 00-00'),
(63, 1, 5, 'година', 38, 1, '22-05-2018 23:41', '12-05-2018 00-00', 250, '10-05-2018 00-00');

-- --------------------------------------------------------

--
-- Структура таблицы `sales`
--

CREATE TABLE IF NOT EXISTS `sales` (
  `id` int(255) NOT NULL AUTO_INCREMENT,
  `Subject` varchar(255) NOT NULL,
  `Price` int(255) NOT NULL,
  `Duration` int(255) NOT NULL,
  `TimeValue` varchar(255) NOT NULL,
  PRIMARY KEY (`id`),
  UNIQUE KEY `id` (`id`)
) ENGINE=InnoDB  DEFAULT CHARSET=utf8 AUTO_INCREMENT=3 ;

--
-- Дамп данных таблицы `sales`
--

INSERT INTO `sales` (`id`, `Subject`, `Price`, `Duration`, `TimeValue`) VALUES
(1, 'Сауна', 250, 1, 'година'),
(2, 'Номер 32', 12312, 1, 'доба');

-- --------------------------------------------------------

--
-- Структура таблицы `tasks`
--

CREATE TABLE IF NOT EXISTS `tasks` (
  `id` int(255) NOT NULL AUTO_INCREMENT,
  `RegisterBy` int(255) NOT NULL,
  `Performer` int(255) NOT NULL,
  `toClient` int(255) NOT NULL,
  `Subject` varchar(255) NOT NULL,
  `Priority` varchar(255) NOT NULL,
  `timeCreate` varchar(255) NOT NULL,
  `deadLine` varchar(255) NOT NULL,
  `status` varchar(255) NOT NULL,
  PRIMARY KEY (`id`),
  UNIQUE KEY `id` (`id`)
) ENGINE=InnoDB  DEFAULT CHARSET=utf8 AUTO_INCREMENT=32 ;

--
-- Дамп данных таблицы `tasks`
--

INSERT INTO `tasks` (`id`, `RegisterBy`, `Performer`, `toClient`, `Subject`, `Priority`, `timeCreate`, `deadLine`, `status`) VALUES
(1, 1, 1, 1, 'hjfgf', 'High', '00-00-0000 00:00', '07-09-2018 00:00', 'Not Done'),
(3, 1, 1, 1, '900', 'Medium', '00-00-0000 00:00', '23-05-2018 16:44', 'Dropped'),
(6, 1, 1, 1, '773873', 'Low', '05-05-2018 16:00', '23-05-2018 16:44', 'Done'),
(7, 1, 1, 1, '123', 'Low', '01-05-2018 18:16', '11-05-2018 00:00', 'In Process'),
(8, 1, 1, 1, '123', 'High', '01-05-2018 18:18', '01-05-2018 23:00', 'New'),
(9, 1, 2, 1, 'mkonjoi[', 'Low', '05-05-2018 16:26', '03-05-2018 02:30', 'Dropped'),
(10, 1, 1, 1, 'lul', 'Low', '05-05-2018 22:09', '10-05-2018 02:00', 'New'),
(11, 1, 1, 3, 'Sdelay sadasdasdas \n', 'High', '05-05-2018 22:14', '05-05-2018 03:00', 'New'),
(12, 1, 1, 1, 'Sdelay she', 'High', '05-05-2018 22:14', '05-05-2018 03:00', 'New'),
(13, 1, 1, 1, '123', 'Low', '06-05-2018 17:01', '12-05-2018 02:30', 'Done'),
(14, 1, 1, 1, '123', 'Low', '06-05-2018 17:01', '12-05-2018 02:30', 'Done'),
(15, 1, 1, 1, '123', 'Low', '06-05-2018 17:01', '12-05-2018 02:30', 'Done'),
(16, 1, 1, 1, '123', 'Low', '06-05-2018 17:01', '12-05-2018 02:30', 'Dropped'),
(17, 1, 1, 1, '123', 'Low', '06-05-2018 17:01', '12-05-2018 02:30', 'Not Done'),
(18, 1, 1, 1, '123', 'Low', '06-05-2018 17:01', '12-05-2018 02:30', 'Not Done'),
(19, 1, 1, 1, '123', 'Low', '06-05-2018 17:01', '12-05-2018 02:30', 'Dropped'),
(20, 1, 1, 1, '123', 'Low', '06-05-2018 17:01', '12-05-2018 02:30', 'Dropped'),
(21, 1, 1, 1, '123', 'Low', '06-05-2018 17:01', '12-05-2018 02:30', 'New'),
(22, 1, 1, 1, '123', 'Low', '06-05-2018 17:01', '12-05-2018 02:30', 'New'),
(23, 1, 1, 1, '123', 'Low', '06-05-2018 17:01', '12-05-2018 02:30', 'New'),
(24, 1, 1, 1, '123154', 'Low', '06-05-2018 18:06', '03-05-2018 02:00', 'New'),
(25, 1, 1, 1, '123154', 'Low', '06-05-2018 18:06', '03-05-2018 02:00', 'New'),
(26, 1, 1, 1, '123154', 'Low', '06-05-2018 18:06', '03-05-2018 02:00', 'New'),
(27, 1, 1, 1, '123154', 'Low', '06-05-2018 18:06', '03-05-2018 02:00', 'New'),
(28, 1, 1, 1, '123154', 'Low', '06-05-2018 18:06', '03-05-2018 02:00', 'New'),
(29, 1, 1, 1, 'tryrtyrtyreghre fg dfg dfg', 'Low', '23-05-2018 00:06', '23-05-2018 04:30', 'New'),
(30, 1, 1, 1, 'tryrtyrtyreghre fg dfg dfg', 'Low', '23-05-2018 00:06', '23-05-2018 04:30', 'New'),
(31, 1, 1, 1, 'htyhytrhrth', 'Low', '23-05-2018 00:10', '23-05-2018 03:00', 'New');

/*!40101 SET CHARACTER_SET_CLIENT=@OLD_CHARACTER_SET_CLIENT */;
/*!40101 SET CHARACTER_SET_RESULTS=@OLD_CHARACTER_SET_RESULTS */;
/*!40101 SET COLLATION_CONNECTION=@OLD_COLLATION_CONNECTION */;
